location,kind,index,source,output,left,top,right,bottom,width,height,alpha_pixels,sha256
convenience_store,architecture,1,convenience_store/selected/convenience_store_architecture_candidate_v01.png,convenience_store/pieces/architecture/convenience_store_architecture_piece_001_candidate_v01.png,19,107,159,243,140,136,15493,314cac371678190800f6bd6837939a56ca353f7a87141023a7f5a6239e85fdc9
convenience_store,architecture,2,convenience_store/selected/convenience_store_architecture_candidate_v01.png,convenience_store/pieces/architecture/convenience_store_architecture_piece_002_candidate_v01.png,187,107,498,243,311,136,34474,e3dd122c0f5ba7c3f08cbc5fc274b4b4525fa36e90f0e77f07a96d81e18633bc
convenience_store,architecture,3,convenience_store/selected/convenience_store_architecture_candidate_v01.png,convenience_store/pieces/architecture/convenience_store_architecture_piece_003_candidate_v01.png,527,107,667,261,140,154,15818,4db3e3677440956651feb0eede2cda4f978076d646540f0bb7acde423e3bc45f
convenience_store,architecture,4,convenience_store/selected/convenience_store_architecture_candidate_v01.png,convenience_store/pieces/architecture/convenience_store_architecture_piece_004_candidate_v01.png,684,107,825,262,141,155,15919,ede5dfd4ca09e2bf653de8ea8c6e80171944cc90f3fd00d2b905ceec76110542
convenience_store,architecture,5,convenience_store/selected/convenience_store_architecture_candidate_v01.png,convenience_store/pieces/architecture/convenience_store_architecture_piece_005_candidate_v01.png,844,107,948,266,104,159,10760,46697be955c7ba3e1cf66d6a7cdaf019d8db7fcb867ac7654d0a4a286590876f
convenience_store,architecture,6,convenience_store/selected/convenience_store_architecture_candidate_v01.png,convenience_store/pieces/architecture/convenience_store_architecture_piece_006_candidate_v01.png,988,121,1205,396,217,275,55632,bd1f93c954c17af47f9df9fbe40ba19b099cb54fddd783478bbf59d618672fdc
convenience_store,architecture,7,convenience_store/selected/convenience_store_architecture_candidate_v01.png,convenience_store/pieces/architecture/convenience_store_architecture_piece_007_candidate_v01.png,1230,121,1417,396,187,275,47653,c49b6112c8cfea67f76b3d690194f0fc9e4a5e566367cbe9fcfe9a6c69b6b999
convenience_store,architecture,8,convenience_store/selected/convenience_store_architecture_candidate_v01.png,convenience_store/pieces/architecture/convenience_store_architecture_piece_008_candidate_v01.png,1445,121,1639,396,194,275,49582,10f5228107d599d6e2a136c6521173a580d56feb3c860e5480b424f15fb1e3e4
convenience_store,architecture,9,convenience_store/selected/convenience_store_architecture_candidate_v01.png,convenience_store/pieces/architecture/convenience_store_architecture_piece_009_candidate_v01.png,19,258,486,396,467,138,52274,fb82142327f8b14fd82ca7951efa4697c749e7b2bc068e8f44d9212e244b89bb
convenience_store,architecture,10,convenience_store/selected/convenience_store_architecture_candidate_v01.png,convenience_store/pieces/architecture/convenience_store_architecture_piece_010_candidate_v01.png,527,258,667,415,140,157,15934,9039a114b9a5cb81d7b4dcb19d89c15e089a07037ee0a4e06ec4a711a3ca0a1a
convenience_store,architecture,11,convenience_store/selected/convenience_store_architecture_candidate_v01.png,convenience_store/pieces/architecture/convenience_store_architecture_piece_011_candidate_v01.png,684,258,825,415,141,157,16058,a2b28a3a817bb22b371b9ced03876c95370f249ded425774c62fd1dcbec6ef87
convenience_store,architecture,12,convenience_store/selected/convenience_store_architecture_candidate_v01.png,convenience_store/pieces/architecture/convenience_store_architecture_piece_012_candidate_v01.png,844,258,950,420,106,162,11155,b86057c0185e17f738ed7e5b34f83d2a24d22327f995e436dcbbeae1ad531a47
convenience_store,architecture,13,convenience_store/selected/convenience_store_architecture_candidate_v01.png,convenience_store/pieces/architecture/convenience_store_architecture_piece_013_candidate_v01.png,538,448,667,646,129,198,21991,6dc7ccca5e7796a6f99cbe83779e392c2e4c112d2b595e7d71c5d00fda47ffd3
convenience_store,architecture,14,convenience_store/selected/convenience_store_architecture_candidate_v01.png,convenience_store/pieces/architecture/convenience_store_architecture_piece_014_candidate_v01.png,698,448,826,670,128,222,20720,d810fc0eff7d541190497cfdececab45d19523ed934b5deb7c26c8c91de9d7a7
convenience_store,architecture,15,convenience_store/selected/convenience_store_architecture_candidate_v01.png,convenience_store/pieces/architecture/convenience_store_architecture_piece_015_candidate_v01.png,1443,450,1600,651,157,201,12394,b68abc23f26f5440bc56dda61eb8b5f2cd5e6993b91cd38a3bee04ac39386c4d
convenience_store,architecture,16,convenience_store/selected/convenience_store_architecture_candidate_v01.png,convenience_store/pieces/architecture/convenience_store_architecture_piece_016_candidate_v01.png,873,456,1189,637,316,181,51404,c373b81fe7760bbb763c3e23d3140fab481ee6d9bda70350740771ef1cb331b5
convenience_store,architecture,17,convenience_store/selected/convenience_store_architecture_candidate_v01.png,convenience_store/pieces/architecture/convenience_store_architecture_piece_017_candidate_v01.png,1237,463,1400,638,163,175,25296,5b041c0a69093daa68b477b77670e83e4b98ff184543e17b2c1d5c5705366833
convenience_store,architecture,18,convenience_store/selected/convenience_store_architecture_candidate_v01.png,convenience_store/pieces/architecture/convenience_store_architecture_piece_018_candidate_v01.png,36,485,494,527,458,42,14981,cd65a0b3328745b0ba2cb37ed52a80aa6cce3030464a12e16cd91fbbf596bfe9
convenience_store,architecture,19,convenience_store/selected/convenience_store_architecture_candidate_v01.png,convenience_store/pieces/architecture/convenience_store_architecture_piece_019_candidate_v01.png,36,577,494,629,458,52,19670,4ffe1243c0cfb617c91a8b7a379e4fd5482611e9db26e7fe5307ef1015efa99f
convenience_store,architecture,20,convenience_store/selected/convenience_store_architecture_candidate_v01.png,convenience_store/pieces/architecture/convenience_store_architecture_piece_020_candidate_v01.png,42,713,148,818,106,105,9005,8aadb1a4368603e6690976c0e371cc3f89c044a0a186d2f42593857bb88dac87
convenience_store,architecture,21,convenience_store/selected/convenience_store_architecture_candidate_v01.png,convenience_store/pieces/architecture/convenience_store_architecture_piece_021_candidate_v01.png,175,713,281,818,106,105,9058,ffd8cd27b5551318a0f42795bfeec57c0608ca0d8ec56d572b0e37bc21945f5e
convenience_store,architecture,22,convenience_store/selected/convenience_store_architecture_candidate_v01.png,convenience_store/pieces/architecture/convenience_store_architecture_piece_022_candidate_v01.png,316,713,450,844,134,131,12046,03ade4fe113be7140b0bd95aceee143304ee4154ff2b66e4940b9c369ffaf772
convenience_store,architecture,23,convenience_store/selected/convenience_store_architecture_candidate_v01.png,convenience_store/pieces/architecture/convenience_store_architecture_piece_023_candidate_v01.png,479,713,612,844,133,131,11910,b70ec131d95617902cea68de0dae2d5f82acc13af64908dfb31f8b7e8267072a
convenience_store,architecture,24,convenience_store/selected/convenience_store_architecture_candidate_v01.png,convenience_store/pieces/architecture/convenience_store_architecture_piece_024_candidate_v01.png,1172,718,1543,825,371,107,34092,8b939954c426d7b34c45ab5d566c83a2bdcd2735b9e93809f0249d1a254771ef
convenience_store,architecture,25,convenience_store/selected/convenience_store_architecture_candidate_v01.png,convenience_store/pieces/architecture/convenience_store_architecture_piece_025_candidate_v01.png,641,753,892,814,251,61,12601,ededafb2fbd00d89b3b98825fd476bef3398f995245cba2e61edff6ac85fdac2
convenience_store,architecture,26,convenience_store/selected/convenience_store_architecture_candidate_v01.png,convenience_store/pieces/architecture/convenience_store_architecture_piece_026_candidate_v01.png,918,753,1136,818,218,65,11666,3db5411db64ce2f2e75d05476bf8664e9eead5eabaaa6326e120e279dad2531c
convenience_store,furniture,1,convenience_store/selected/convenience_store_furniture_candidate_v01.png,convenience_store/pieces/furniture/convenience_store_furniture_piece_001_candidate_v01.png,161,51,727,269,566,218,90760,80eca9934e33aac8d95cd5510e4c73db44ffbd01fb5235df1a522114dee42078
convenience_store,furniture,2,convenience_store/selected/convenience_store_furniture_candidate_v01.png,convenience_store/pieces/furniture/convenience_store_furniture_piece_002_candidate_v01.png,1416,61,1519,258,103,197,14557,f73c406b986f116673da0e9c7c6c0ae5327458c53fd6dcca03007b35abfb5355
convenience_store,furniture,3,convenience_store/selected/convenience_store_furniture_candidate_v01.png,convenience_store/pieces/furniture/convenience_store_furniture_piece_003_candidate_v01.png,1129,77,1280,246,151,169,20593,8bb674dbb1fc6b060fc9b7cf638a173639793d8777c059f16d7a887e40504bf0
convenience_store,furniture,4,convenience_store/selected/convenience_store_furniture_candidate_v01.png,convenience_store/pieces/furniture/convenience_store_furniture_piece_004_candidate_v01.png,824,93,1000,269,176,176,25934,2efdf2671cb63135c15b2a77214e71a51565880953eaceef47c1747ed0526a6b
convenience_store,furniture,5,convenience_store/selected/convenience_store_furniture_candidate_v01.png,convenience_store/pieces/furniture/convenience_store_furniture_piece_005_candidate_v01.png,1032,299,1290,606,258,307,73072,e51c16acc219c183acc659264b680d60463a937850788df27ab621dcb4924029
convenience_store,furniture,6,convenience_store/selected/convenience_store_furniture_candidate_v01.png,convenience_store/pieces/furniture/convenience_store_furniture_piece_006_candidate_v01.png,119,314,557,607,438,293,112897,a196f1ac30a23bd80f62fd7a7e0c9a812e46ab39cc9dc12311a0599550660c06
convenience_store,furniture,7,convenience_store/selected/convenience_store_furniture_candidate_v01.png,convenience_store/pieces/furniture/convenience_store_furniture_piece_007_candidate_v01.png,627,317,948,605,321,288,83543,9efeb49f6d6381a543e3798db9920c45f63c095c468ba1dadce060535acf678a
convenience_store,furniture,8,convenience_store/selected/convenience_store_furniture_candidate_v01.png,convenience_store/pieces/furniture/convenience_store_furniture_piece_008_candidate_v01.png,1357,320,1577,617,220,297,60516,41abf607e7bccb8cc4594916c93a4d557f0092ce73e3dab8e7bee52fd799de23
convenience_store,furniture,9,convenience_store/selected/convenience_store_furniture_candidate_v01.png,convenience_store/pieces/furniture/convenience_store_furniture_piece_009_candidate_v01.png,534,647,675,881,141,234,24559,36c7716bfb70b6c80097ec98667ed5b432b299c5f63b9cb23706c046cf502af3
convenience_store,furniture,10,convenience_store/selected/convenience_store_furniture_candidate_v01.png,convenience_store/pieces/furniture/convenience_store_furniture_piece_010_candidate_v01.png,742,647,1100,886,358,239,76580,f46b6eb751b486e7895b266cabb8371bbf4e8e67d8a45913d1358fc4d4e3351a
convenience_store,furniture,11,convenience_store/selected/convenience_store_furniture_candidate_v01.png,convenience_store/pieces/furniture/convenience_store_furniture_piece_011_candidate_v01.png,1202,648,1483,887,281,239,47205,690b34483e3e8c95b5772a6b95c48b04206abcb21ac02b7a01e0b3a28f1e4612
convenience_store,furniture,12,convenience_store/selected/convenience_store_furniture_candidate_v01.png,convenience_store/pieces/furniture/convenience_store_furniture_piece_012_candidate_v01.png,124,668,468,878,344,210,65601,baafd35f26984c7674edd3f4f5c4a5902472923aeab0e2cdf7b55891d75bb55b
convenience_store,props,1,convenience_store/selected/convenience_store_props_candidate_v01.png,convenience_store/pieces/props/convenience_store_props_piece_001_candidate_v01.png,53,42,135,274,82,232,8573,2658c8c374093dc86669bfca075c65e6fe4696fa029d4e199d8c2997338e0412
convenience_store,props,2,convenience_store/selected/convenience_store_props_candidate_v01.png,convenience_store/pieces/props/convenience_store_props_piece_002_candidate_v01.png,189,42,273,275,84,233,8406,3d7be5ec3b2a3d6f502804cbad1d204859992052e9a6d20f5d68599b57d99f14
convenience_store,props,3,convenience_store/selected/convenience_store_props_candidate_v01.png,convenience_store/pieces/props/convenience_store_props_piece_003_candidate_v01.png,317,42,401,275,84,233,8443,36cb50de1984fb3f208b53268bf580628f6ed611b16b0c4f9ebf2ae361cef68d
convenience_store,props,4,convenience_store/selected/convenience_store_props_candidate_v01.png,convenience_store/pieces/props/convenience_store_props_piece_004_candidate_v01.png,443,42,528,275,85,233,8545,3fa05d1b3bedc49e627b43ea265ba1016dcf5f40f1cc1b29eee8f6ae096e5090
convenience_store,props,5,convenience_store/selected/convenience_store_props_candidate_v01.png,convenience_store/pieces/props/convenience_store_props_piece_005_candidate_v01.png,716,43,805,276,89,233,9763,7df23a4188d0ab8b81bf88334032849987665b152cb100b40ad7d58d19fbfd8a
convenience_store,props,6,convenience_store/selected/convenience_store_props_candidate_v01.png,convenience_store/pieces/props/convenience_store_props_piece_006_candidate_v01.png,880,43,972,279,92,236,8911,9d1c95911484e2311d67709e2902f82e679a58b5f7b4ed4a8b2fb84c547b4eda
convenience_store,props,7,convenience_store/selected/convenience_store_props_candidate_v01.png,convenience_store/pieces/props/convenience_store_props_piece_007_candidate_v01.png,1039,43,1133,278,94,235,9898,51b3935bddb3e553094d4e97f21b47c4761d8c85e3ca9311e5b85a3f259362ec
convenience_store,props,8,convenience_store/selected/convenience_store_props_candidate_v01.png,convenience_store/pieces/props/convenience_store_props_piece_008_candidate_v01.png,1177,43,1272,278,95,235,9876,992005d27bd433b02163963fe3c480b01fe1d0937d76c5a98692c1feb1ccb8bf
convenience_store,props,9,convenience_store/selected/convenience_store_props_candidate_v01.png,convenience_store/pieces/props/convenience_store_props_piece_009_candidate_v01.png,1330,60,1586,272,256,212,34320,c843bef0604c4daea809c460c25256f22c34a604717e97e5778db021c33d27ab
convenience_store,props,10,convenience_store/selected/convenience_store_props_candidate_v01.png,convenience_store/pieces/props/convenience_store_props_piece_010_candidate_v01.png,584,85,678,272,94,187,9314,023c4c528ca32312f119acc1d7e8c60fd671f40e88cc018dcd05623306b7fa81
convenience_store,props,11,convenience_store/selected/convenience_store_props_candidate_v01.png,convenience_store/pieces/props/convenience_store_props_piece_011_candidate_v01.png,61,294,228,504,167,210,25178,13a55072fc9de9c3f521ed9078353e0c19370ed5df21a450b06315cd92dcf13d
convenience_store,props,12,convenience_store/selected/convenience_store_props_candidate_v01.png,convenience_store/pieces/props/convenience_store_props_piece_012_candidate_v01.png,495,312,652,502,157,190,21356,7b9f886c1c1476f9d069bc65f366c31d8844bfabab15becd169dcbb8435ad0af
convenience_store,props,13,convenience_store/selected/convenience_store_props_candidate_v01.png,convenience_store/pieces/props/convenience_store_props_piece_013_candidate_v01.png,676,312,826,501,150,189,20430,f7975aced88fa8c5a1111e9f071d57eae39f4288723fe3857e54a460161a5f15
convenience_store,props,14,convenience_store/selected/convenience_store_props_candidate_v01.png,convenience_store/pieces/props/convenience_store_props_piece_014_candidate_v01.png,844,311,996,502,152,191,20619,1c1f29b9a693b5286ee2399432f70dc74df69a2d2b7dc94e2ba37e3c133c58d6
convenience_store,props,15,convenience_store/selected/convenience_store_props_candidate_v01.png,convenience_store/pieces/props/convenience_store_props_piece_015_candidate_v01.png,1016,312,1169,503,153,191,20763,d7c2ed88bf8c04143772c1481d3c61c0723415879c627e7e60afe07d6300f737
convenience_store,props,16,convenience_store/selected/convenience_store_props_candidate_v01.png,convenience_store/pieces/props/convenience_store_props_piece_016_candidate_v01.png,1187,313,1339,501,152,188,20363,909f1fd2af37dad364e43eea63323ad237f52fda39561f81d056a5941964e95c
convenience_store,props,17,convenience_store/selected/convenience_store_props_candidate_v01.png,convenience_store/pieces/props/convenience_store_props_piece_017_candidate_v01.png,1375,324,1486,492,111,168,13037,4d4c1198bcf7f5057e9f8d50685c553edf0c50036c7b34bbf37277b9bd20e0a8
convenience_store,props,18,convenience_store/selected/convenience_store_props_candidate_v01.png,convenience_store/pieces/props/convenience_store_props_piece_018_candidate_v01.png,281,341,435,492,154,151,17417,d153239177eddd9496511b369c5ab26522065f4e2ea4810c298979223bb29760
convenience_store,props,19,convenience_store/selected/convenience_store_props_candidate_v01.png,convenience_store/pieces/props/convenience_store_props_piece_019_candidate_v01.png,600,518,673,696,73,178,9569,ecfb422193d23ff60ae05391bcbc597b2d0b9e5495cc35a7d43c48d1660a81ee
convenience_store,props,20,convenience_store/selected/convenience_store_props_candidate_v01.png,convenience_store/pieces/props/convenience_store_props_piece_020_candidate_v01.png,693,518,768,697,75,179,9709,08d060a08ba5085ab91883682d75cbe286a9577b273d22c741e82f7c4c30300f
convenience_store,props,21,convenience_store/selected/convenience_store_props_candidate_v01.png,convenience_store/pieces/props/convenience_store_props_piece_021_candidate_v01.png,791,518,869,696,78,178,10058,982bedf95411e64aa10973adf44dc5f12b70ac203a684d997d44c3d29910b161
convenience_store,props,22,convenience_store/selected/convenience_store_props_candidate_v01.png,convenience_store/pieces/props/convenience_store_props_piece_022_candidate_v01.png,892,518,970,696,78,178,10139,72c1794c5b56f8703a22861392534d22a61ff5a1581aae53f67a1adb38b871fb
convenience_store,props,23,convenience_store/selected/convenience_store_props_candidate_v01.png,convenience_store/pieces/props/convenience_store_props_piece_023_candidate_v01.png,48,551,132,695,84,144,9579,6fd323554aca49321db58ee0f9593b991d2ce29154609fade878206d18d35e87
convenience_store,props,24,convenience_store/selected/convenience_store_props_candidate_v01.png,convenience_store/pieces/props/convenience_store_props_piece_024_candidate_v01.png,153,551,237,695,84,144,9582,d06377e774569b4970fad610c9fab1d03e703b749f1599b5908a5a5ee1cf01c2
convenience_store,props,25,convenience_store/selected/convenience_store_props_candidate_v01.png,convenience_store/pieces/props/convenience_store_props_piece_025_candidate_v01.png,257,551,341,695,84,144,9578,b549c29ae79965bae867ea39062af0c9516023fa9f85603d63933062dec27a5b
convenience_store,props,26,convenience_store/selected/convenience_store_props_candidate_v01.png,convenience_store/pieces/props/convenience_store_props_piece_026_candidate_v01.png,358,551,442,695,84,144,9484,872359fe9f2b714b795cdf7c23acb490762001e403ff6d8d2b95ce3ecfebb59c
convenience_store,props,27,convenience_store/selected/convenience_store_props_candidate_v01.png,convenience_store/pieces/props/convenience_store_props_piece_027_candidate_v01.png,458,551,541,695,83,144,9458,9419710b4801ca6fc676e045bc2f769901ea349254e7647e7f8991440c3523c8
convenience_store,props,28,convenience_store/selected/convenience_store_props_candidate_v01.png,convenience_store/pieces/props/convenience_store_props_piece_028_candidate_v01.png,1000,569,1164,692,164,123,13674,36712434a67d45491ecec861a55cd2c52293ffcefc01764b3d46efe4ea98602c
convenience_store,props,29,convenience_store/selected/convenience_store_props_candidate_v01.png,convenience_store/pieces/props/convenience_store_props_piece_029_candidate_v01.png,1184,551,1325,687,141,136,10774,dc9b1d45f2980d412cf77b23a6f3620214d14a2422f97bf7d2b0f491b100735f
convenience_store,props,30,convenience_store/selected/convenience_store_props_candidate_v01.png,convenience_store/pieces/props/convenience_store_props_piece_030_candidate_v01.png,1366,582,1578,684,212,102,18172,5698d025552b5038ce0454bb63aa4b3de9b70c693bfac0576cbc2170eb3f249a
convenience_store,props,31,convenience_store/selected/convenience_store_props_candidate_v01.png,convenience_store/pieces/props/convenience_store_props_piece_031_candidate_v01.png,381,711,535,905,154,194,17588,2704edb043564453dc2727b4ab149871fb58def176ac7e871080c0926cff9b58
convenience_store,props,32,convenience_store/selected/convenience_store_props_candidate_v01.png,convenience_store/pieces/props/convenience_store_props_piece_032_candidate_v01.png,36,730,207,904,171,174,21200,21fe56a28586c4c4f3ed92b6a13049841530a2ff12a33fcd9bb5819ec44ca6a0
convenience_store,props,33,convenience_store/selected/convenience_store_props_candidate_v01.png,convenience_store/pieces/props/convenience_store_props_piece_033_candidate_v01.png,219,726,355,907,136,181,15440,f90f20db9fba06cc777ea11b4bb22da23f402f144352a60ec107ae37c5894503
convenience_store,props,34,convenience_store/selected/convenience_store_props_candidate_v01.png,convenience_store/pieces/props/convenience_store_props_piece_034_candidate_v01.png,552,756,718,905,166,149,20525,c70260b4330bf0bc0d17fcb849d7f27b2c3d42d4dabd1f885e74262a6c5bd141
convenience_store,props,35,convenience_store/selected/convenience_store_props_candidate_v01.png,convenience_store/pieces/props/convenience_store_props_piece_035_candidate_v01.png,723,756,890,905,167,149,20638,f04ecdb5af8f06ac8d024fb3b3c2057e15d376ccd89de259cdf93aa356312eed
convenience_store,props,36,convenience_store/selected/convenience_store_props_candidate_v01.png,convenience_store/pieces/props/convenience_store_props_piece_036_candidate_v01.png,897,756,1061,905,164,149,20454,d9e042cb4efe00090854939ec96f9d92e0d7778e72cf01e389bc8444a21c2136
convenience_store,props,37,convenience_store/selected/convenience_store_props_candidate_v01.png,convenience_store/pieces/props/convenience_store_props_piece_037_candidate_v01.png,1072,756,1266,905,194,149,24545,a3bde9cf62f6adf10b0d7400ca79cad2c3a37867d42d3086796458f770e9f9e2
convenience_store,props,38,convenience_store/selected/convenience_store_props_candidate_v01.png,convenience_store/pieces/props/convenience_store_props_piece_038_candidate_v01.png,1273,747,1445,905,172,158,21918,f7f0d49b7a4f332f0044ff9a16226daa79030e8822754e462c6e58a28e80c39b
convenience_store,props,39,convenience_store/selected/convenience_store_props_candidate_v01.png,convenience_store/pieces/props/convenience_store_props_piece_039_candidate_v01.png,1453,756,1619,905,166,149,20899,ac2c19920a462ef21e18eeaf3b02c84ac5a4e910d815ae096200b87884eb4752
library,architecture,1,library/selected/library_architecture_candidate_v01.png,library/pieces/architecture/library_architecture_piece_001_candidate_v01.png,32,46,283,224,251,178,37236,edc176784ac872c21cc853a04a95cb86d92d322ee3781f6b0c56d4394cf1a2dc
library,architecture,2,library/selected/library_architecture_candidate_v01.png,library/pieces/architecture/library_architecture_piece_002_candidate_v01.png,316,46,632,224,316,178,47048,102b7de78387b5320e22b573d70e30479a20c65f5c179a90a8724fa5f24e9f70
library,architecture,3,library/selected/library_architecture_candidate_v01.png,library/pieces/architecture/library_architecture_piece_003_candidate_v01.png,666,46,1093,224,427,178,63766,4555022145200b6a7f6132bbf1399a91652a6bb5126fd1b5ef564375a8ee1ed6
library,architecture,4,library/selected/library_architecture_candidate_v01.png,library/pieces/architecture/library_architecture_piece_004_candidate_v01.png,1128,46,1354,229,226,183,27918,cf49e24e1ecf9ea13667bf8a23290b5c372fe05ad3848727f149e5a1b129c134
library,architecture,5,library/selected/library_architecture_candidate_v01.png,library/pieces/architecture/library_architecture_piece_005_candidate_v01.png,1399,63,1623,236,224,173,29498,fd011ca790c326f95b6606dcec92fc429144b61fd1ca659595dd1fd2c9c40f3f
library,architecture,6,library/selected/library_architecture_candidate_v01.png,library/pieces/architecture/library_architecture_piece_006_candidate_v01.png,31,263,284,379,253,116,23642,7afaa89730f5ba2c83e737d32d1bd74ff2cf47d529bef74363face903ef907fd
library,architecture,7,library/selected/library_architecture_candidate_v01.png,library/pieces/architecture/library_architecture_piece_007_candidate_v01.png,314,263,633,379,319,116,30374,d8982ed9ee973b54e6bc41385e91a0c47fe76db640929402ab27b0119977e8ae
library,architecture,8,library/selected/library_architecture_candidate_v01.png,library/pieces/architecture/library_architecture_piece_008_candidate_v01.png,664,263,1093,379,429,116,41056,b4b91fb36929b9438cdb55c3466fc64f1e7b2fb1e49475d3515855ba80a24b6e
library,architecture,9,library/selected/library_architecture_candidate_v01.png,library/pieces/architecture/library_architecture_piece_009_candidate_v01.png,1133,263,1351,405,218,142,20974,032daaf56a522cfdab46a75cde9d49a33cf1add737dd2671e0d81951ebcacce5
library,architecture,10,library/selected/library_architecture_candidate_v01.png,library/pieces/architecture/library_architecture_piece_010_candidate_v01.png,1399,272,1625,399,226,127,22618,7aa15431fe8c1593ccb10fcb5ded078d1a661a5ae082cf1f1ec38f8c9803324f
library,architecture,11,library/selected/library_architecture_candidate_v01.png,library/pieces/architecture/library_architecture_piece_011_candidate_v01.png,62,412,286,636,224,224,46497,37e20a6d1f6f99a1d3a5a622bf62ef715dc8f3a8cd024dca5a4c095855634660
library,architecture,12,library/selected/library_architecture_candidate_v01.png,library/pieces/architecture/library_architecture_piece_012_candidate_v01.png,365,412,589,636,224,224,46509,a4d65e65a1374e3353d005a150fbf27bed45affb6dc14ee8819946409a55a865
library,architecture,13,library/selected/library_architecture_candidate_v01.png,library/pieces/architecture/library_architecture_piece_013_candidate_v01.png,668,412,891,636,223,224,46188,0827831375effc5b06f71f6656dc2033c57b85d999fc6b8fc1b4cd25cb3e7b26
library,architecture,14,library/selected/library_architecture_candidate_v01.png,library/pieces/architecture/library_architecture_piece_014_candidate_v01.png,990,450,1117,625,127,175,19051,1a6241429893ae99e890f3e86d53e8186e5ece5466716136e595ec7f8884b6ee
library,architecture,15,library/selected/library_architecture_candidate_v01.png,library/pieces/architecture/library_architecture_piece_015_candidate_v01.png,1198,450,1325,656,127,206,15346,1911f00fce4169b815989e1e764f9a23ca02210fe7614f1edcf648712b129fe7
library,architecture,16,library/selected/library_architecture_candidate_v01.png,library/pieces/architecture/library_architecture_piece_016_candidate_v01.png,1413,441,1600,624,187,183,12899,d350dcf13fa441e8596f4f0d402b0071ff851412b560242aa97c767758633d10
library,architecture,17,library/selected/library_architecture_candidate_v01.png,library/pieces/architecture/library_architecture_piece_017_candidate_v01.png,61,649,308,875,247,226,42493,c35f6f8ddcfc492a61b2c0229ae52a255d45d50015f8930a7fbeff668bf9c2bc
library,architecture,18,library/selected/library_architecture_candidate_v01.png,library/pieces/architecture/library_architecture_piece_018_candidate_v01.png,381,698,569,879,188,181,29640,616a55831cb139773434802f54be58f6de9da477d5f530b6852ddc2aac62b4cf
library,architecture,19,library/selected/library_architecture_candidate_v01.png,library/pieces/architecture/library_architecture_piece_019_candidate_v01.png,687,695,1096,756,409,61,20797,75bf820aceaeffe8d043b58bbc7e20a3d94145fec6f9433f987faf8dc15acc00
library,architecture,20,library/selected/library_architecture_candidate_v01.png,library/pieces/architecture/library_architecture_piece_020_candidate_v01.png,687,789,1096,825,409,36,10825,7a856899dd71087ed6e7558307f4e0d5394a142269d8f8b51e00a3d3c60f07ce
library,architecture,21,library/selected/library_architecture_candidate_v01.png,library/pieces/architecture/library_architecture_piece_021_candidate_v01.png,687,857,982,903,295,46,10848,9d9d2d193a43c237b318f03720f40b0838b619086b313aa8010563891f28335b
library,furniture,1,library/selected/library_furniture_candidate_v01.png,library/pieces/furniture/library_furniture_piece_001_candidate_v01.png,37,26,281,467,244,441,97857,7fb89d9e15fa94a3b92d04732c52de7f21a91e22f66d71dd5b47fa63b3422fa8
library,furniture,2,library/selected/library_furniture_candidate_v01.png,library/pieces/furniture/library_furniture_piece_002_candidate_v01.png,652,106,771,464,119,358,36576,888c9303d67d9d664ce9481378142b3c424c061f4375929b6d74a16b65946cbe
library,furniture,3,library/selected/library_furniture_candidate_v01.png,library/pieces/furniture/library_furniture_piece_003_candidate_v01.png,817,129,991,474,174,345,47411,bef5b610aab3b480651c7fbbc19e6cf4f9acb3ef39e7c55d23ee4cb2c67ad45c
library,furniture,4,library/selected/library_furniture_candidate_v01.png,library/pieces/furniture/library_furniture_piece_004_candidate_v01.png,331,151,596,468,265,317,76647,e9e527ed87b7fac14f6e11225cf5eb804c302b70ea08eddca95f83cd6f5f3701
library,furniture,5,library/selected/library_furniture_candidate_v01.png,library/pieces/furniture/library_furniture_piece_005_candidate_v01.png,46,487,503,733,457,246,86534,8a3fba6837c73e135f3272bc616ac0f6b3cfc91e6324d211a3b97603774448ed
library,furniture,6,library/selected/library_furniture_candidate_v01.png,library/pieces/furniture/library_furniture_piece_006_candidate_v01.png,560,522,968,746,408,224,56992,b26b3363e589a9a1d9f6d153e50036110d142c0441c210afb6c817d7a0e7241b
library,furniture,7,library/selected/library_furniture_candidate_v01.png,library/pieces/furniture/library_furniture_piece_007_candidate_v01.png,647,654,725,756,78,102,5689,a2c18938468bd80a992d1917027666cf7d33bab9d5491e487ffb1c5ca782e873
library,furniture,8,library/selected/library_furniture_candidate_v01.png,library/pieces/furniture/library_furniture_piece_008_candidate_v01.png,793,654,872,756,79,102,5661,fd3543a44eca20ced057fd1f7ceddbc258608a71a7eed389c88ffd2629f81830
library,furniture,9,library/selected/library_furniture_candidate_v01.png,library/pieces/furniture/library_furniture_piece_009_candidate_v01.png,69,759,220,954,151,195,21850,452203101c057fe759680ab33021ad9ba2fdc9f21f96c4163f2ee3beec0a67fe
library,furniture,10,library/selected/library_furniture_candidate_v01.png,library/pieces/furniture/library_furniture_piece_010_candidate_v01.png,315,765,415,956,100,191,14338,2b416a4fb93b6c4f6f2cbe79a0322487fc3d18904efea1bf5a4796bd6891cc24
library,furniture,11,library/selected/library_furniture_candidate_v01.png,library/pieces/furniture/library_furniture_piece_011_candidate_v01.png,475,772,579,957,104,185,10274,673b62400679381239363e5287465c372a0a3f9ec6df7cfee03b3a428dc36aac
library,furniture,12,library/selected/library_furniture_candidate_v01.png,library/pieces/furniture/library_furniture_piece_012_candidate_v01.png,650,773,753,960,103,187,13889,44e6b54f1e84dc01cf2d441d426aeb5e1a13596df8486fc2182d4b6278ef712c
library,furniture,13,library/selected/library_furniture_candidate_v01.png,library/pieces/furniture/library_furniture_piece_013_candidate_v01.png,817,772,916,960,99,188,9812,36b7d93baa4f6bc3edeb2423ee7e68b657e1232cca8f82dc921b12c8236d3282
library,furniture,14,library/selected/library_furniture_candidate_v01.png,library/pieces/furniture/library_furniture_piece_014_candidate_v01.png,72,1000,285,1229,213,229,34946,172345e168c29dfe33735910abd93da586b2a677cb364c0f34aa18f8dd551331
library,furniture,15,library/selected/library_furniture_candidate_v01.png,library/pieces/furniture/library_furniture_piece_015_candidate_v01.png,355,1006,549,1231,194,225,38362,0b4b124bc7f82cbc0d98a1c7f26c4452423ae18e2c9b8dddba29d560582fd360
library,furniture,16,library/selected/library_furniture_candidate_v01.png,library/pieces/furniture/library_furniture_piece_016_candidate_v01.png,617,1008,956,1240,339,232,63559,3403e3329ae736f36bb35c6334e578747e526119bb4614168757accbd433c3df
library,furniture,17,library/selected/library_furniture_candidate_v01.png,library/pieces/furniture/library_furniture_piece_017_candidate_v01.png,119,1242,307,1474,188,232,28126,781626ed13aab220c1066f877af7078a2f339a6f875ad8c67d20d3256fdc947b
library,furniture,18,library/selected/library_furniture_candidate_v01.png,library/pieces/furniture/library_furniture_piece_018_candidate_v01.png,365,1250,433,1471,68,221,6223,35de8fcf990a82d946034f3761f725cf8cb727dd9bfd50408a5917c29daa7064
library,props,1,library/selected/library_props_candidate_v01.png,library/pieces/props/library_props_piece_001_candidate_v01.png,74,73,246,280,172,207,25219,723984565a882c88ce8fac86888e79d161baa1f3b7fe7480f64bc144f42d949e
library,props,2,library/selected/library_props_candidate_v01.png,library/pieces/props/library_props_piece_002_candidate_v01.png,289,72,463,280,174,208,25518,7d41147050327f0c793aac6d1efdc544cadf4c2e98c862c5041aed5b04330c5e
library,props,3,library/selected/library_props_candidate_v01.png,library/pieces/props/library_props_piece_003_candidate_v01.png,514,72,688,280,174,208,25424,96ce19e1df166ef53979f51d2615bc666bb50167249e6c7eed92fec35fa453b9
library,props,4,library/selected/library_props_candidate_v01.png,library/pieces/props/library_props_piece_004_candidate_v01.png,739,71,910,280,171,209,25046,59987b8200de9339199628e762f1bc5fd3cb05c42393705d0e262e546c609796
library,props,5,library/selected/library_props_candidate_v01.png,library/pieces/props/library_props_piece_005_candidate_v01.png,956,72,1129,280,173,208,25249,7af76cfb81049e3a0beb2d2d86fab5f04509d5f3c261767ba8e2db846c4dc990
library,props,6,library/selected/library_props_candidate_v01.png,library/pieces/props/library_props_piece_006_candidate_v01.png,1167,72,1338,280,171,208,25171,ae5e9d82efe70b43fdbbd2c83be285ffab95bfc60f0eb847f7a180c4a33015d2
library,props,7,library/selected/library_props_candidate_v01.png,library/pieces/props/library_props_piece_007_candidate_v01.png,1145,315,1332,535,187,220,19159,ad4085a5ccbb9eb2ce9854c038a1e2df66dc104037785430740ff131479478aa
library,props,8,library/selected/library_props_candidate_v01.png,library/pieces/props/library_props_piece_008_candidate_v01.png,70,344,340,529,270,185,40481,d3fb98698b62b36d80f9ed1fb2a27714642b2c20f04bec4f11b0474e8f45abe7
library,props,9,library/selected/library_props_candidate_v01.png,library/pieces/props/library_props_piece_009_candidate_v01.png,414,347,594,519,180,172,19708,03fca4f5005f9e829aa5eb0f333d142a647d8a28d89e5b6425aaa09a6028c90e
library,props,10,library/selected/library_props_candidate_v01.png,library/pieces/props/library_props_piece_010_candidate_v01.png,664,341,842,529,178,188,24650,9d69ba0ef36badc5bbb378b209967b147d4aae8cfd59f533923aa5367969b31a
library,props,11,library/selected/library_props_candidate_v01.png,library/pieces/props/library_props_piece_011_candidate_v01.png,910,359,1037,514,127,155,10416,ee4846d1a42beb536fadde584d977292eca11221d6e8f437f68cbde2fc1ff550
library,props,12,library/selected/library_props_candidate_v01.png,library/pieces/props/library_props_piece_012_candidate_v01.png,1172,567,1326,759,154,192,16186,983edfed7638309085209b86e7e841ac1b3d4d23fa3eb6567ec451d9b923b373
library,props,13,library/selected/library_props_candidate_v01.png,library/pieces/props/library_props_piece_013_candidate_v01.png,94,587,187,743,93,156,8140,e8ad929e51b011710a640ec4a25d901c1d848376b6f57b4372388026a497a434
library,props,14,library/selected/library_props_candidate_v01.png,library/pieces/props/library_props_piece_014_candidate_v01.png,242,594,343,745,101,151,8501,aeab7dfe981394a4914b4917c18f54c4024f0b2cb752ae959f4115f17859d8bc
library,props,15,library/selected/library_props_candidate_v01.png,library/pieces/props/library_props_piece_015_candidate_v01.png,401,591,502,747,101,156,9039,22882072be7df0d8ed27d3430996e9baebe8d5fd466680119e5257fe63325e6d
library,props,16,library/selected/library_props_candidate_v01.png,library/pieces/props/library_props_piece_016_candidate_v01.png,761,572,906,753,145,181,16343,93acc7cc6f2d1885b5a8bb7d7eab44465a9be8c6e7f78a65f2b0ed03634fe467
library,props,17,library/selected/library_props_candidate_v01.png,library/pieces/props/library_props_piece_017_candidate_v01.png,553,615,646,759,93,144,8122,1cfe123bed0f096da6f7945434a976e67ea04f2f43af0bb3b538157593d3d348
library,props,18,library/selected/library_props_candidate_v01.png,library/pieces/props/library_props_piece_018_candidate_v01.png,975,605,1121,753,146,148,14908,4379ad53576d017f35f32bfcec1a36a994a84d9a37c0a6d9017d6eab209b8b30
library,props,19,library/selected/library_props_candidate_v01.png,library/pieces/props/library_props_piece_019_candidate_v01.png,1220,778,1357,1012,137,234,21848,0f353bc74ae65ce598813950f67925a93cf3d18f2f12519d7fbcc31e396ac193
library,props,20,library/selected/library_props_candidate_v01.png,library/pieces/props/library_props_piece_020_candidate_v01.png,282,797,434,1008,152,211,20611,ea68218ef0703015137f2e3ac1eef3c68ef7273326083d4c5e5ea11bb7877c08
library,props,21,library/selected/library_props_candidate_v01.png,library/pieces/props/library_props_piece_021_candidate_v01.png,59,819,224,1000,165,181,14252,1ead47c44ff739b0e8a72427682446ce42e5cdc707d4e26e3f17330e495fd153
library,props,22,library/selected/library_props_candidate_v01.png,library/pieces/props/library_props_piece_022_candidate_v01.png,994,813,1164,1009,170,196,21520,47fe4afa3b6784a0cc34ef0de168173e956102fec63e101ff9d64622b2e1c620
library,props,23,library/selected/library_props_candidate_v01.png,library/pieces/props/library_props_piece_023_candidate_v01.png,480,860,693,987,213,127,23221,657e1dfd5c39b277fc25008776cee3b0f518158cfbc7f57c332d5a4d09ce5f71
library,props,24,library/selected/library_props_candidate_v01.png,library/pieces/props/library_props_piece_024_candidate_v01.png,742,866,965,984,223,118,10495,f9b74dcc134b0259f688eb32af6730e547556267b2c11e65853f42cb3a5f7c8d
tavern,architecture,1,tavern/selected/tavern_architecture_candidate_v01.png,tavern/pieces/architecture/tavern_architecture_piece_001_candidate_v01.png,31,44,195,251,164,207,29300,8d063e441002e3d807f770d8f026ed4cfadac6c69b81805131c2dccdec0faee1
tavern,architecture,2,tavern/selected/tavern_architecture_candidate_v01.png,tavern/pieces/architecture/tavern_architecture_piece_002_candidate_v01.png,238,45,501,251,263,206,48671,47c11e7fc796595874a854a41fade8e5056d03e1e9558ebe492ce5c56fad58f6
tavern,architecture,3,tavern/selected/tavern_architecture_candidate_v01.png,tavern/pieces/architecture/tavern_architecture_piece_003_candidate_v01.png,545,45,913,251,368,206,68529,a36264bc0953187601da9ecf01b955325780255d8b2e6b197e182f09e2e7bea0
tavern,architecture,4,tavern/selected/tavern_architecture_candidate_v01.png,tavern/pieces/architecture/tavern_architecture_piece_004_candidate_v01.png,967,44,1161,281,194,237,36961,f20c480101e82052858a90ff2dfa50cb0f9f7057f79d6af136167687cfbce126
tavern,architecture,5,tavern/selected/tavern_architecture_candidate_v01.png,tavern/pieces/architecture/tavern_architecture_piece_005_candidate_v01.png,1217,49,1327,279,110,230,12911,4dc562c06ca80af3a877d003a5d0f8930e1eb1f14f30c76f85d85b1d70bb1765
tavern,architecture,6,tavern/selected/tavern_architecture_candidate_v01.png,tavern/pieces/architecture/tavern_architecture_piece_006_candidate_v01.png,1364,49,1496,279,132,230,24306,d6cc3b64311b5e7d77f678edf23764e58ca49ac7fad94219ee904106b2e252d5
tavern,architecture,7,tavern/selected/tavern_architecture_candidate_v01.png,tavern/pieces/architecture/tavern_architecture_piece_007_candidate_v01.png,453,306,510,517,57,211,9893,5e7a1b1f70d806cac661fb3602d702647da5cd90e8dd5d49d57280abac034bd9
tavern,architecture,8,tavern/selected/tavern_architecture_candidate_v01.png,tavern/pieces/architecture/tavern_architecture_piece_008_candidate_v01.png,570,306,633,517,63,211,9888,e8a9cef7126ff7cd80408916523e41bb04851efb81465d4ed40b33d8ba4fe37d
tavern,architecture,9,tavern/selected/tavern_architecture_candidate_v01.png,tavern/pieces/architecture/tavern_architecture_piece_009_candidate_v01.png,702,313,912,528,210,215,41814,f7bdd8f112260fd38ec4fc080600064d5bf5d16d9599d57b1a5eacfdef81882e
tavern,architecture,10,tavern/selected/tavern_architecture_candidate_v01.png,tavern/pieces/architecture/tavern_architecture_piece_010_candidate_v01.png,966,312,1176,528,210,216,41814,f718ee2b4d2cedfbf519effb92b9c34ba5bf7ab4d0df23361c7fedfd94321320
tavern,architecture,11,tavern/selected/tavern_architecture_candidate_v01.png,tavern/pieces/architecture/tavern_architecture_piece_011_candidate_v01.png,1226,319,1447,528,221,209,42045,4d1ce8acb4e86d6582d1fafe7efde94c86752df3fd9dc6df821891bda4d9d21e
tavern,architecture,12,tavern/selected/tavern_architecture_candidate_v01.png,tavern/pieces/architecture/tavern_architecture_piece_012_candidate_v01.png,46,348,383,491,337,143,41061,215e996374013d2cd11350a304231b8ba1c444f56f84084861df04c09e263cd6
tavern,architecture,13,tavern/selected/tavern_architecture_candidate_v01.png,tavern/pieces/architecture/tavern_architecture_piece_013_candidate_v01.png,53,569,231,803,178,234,37741,591e52ac7458d54866b2c2626fe6261e5988e1f2a2e930c40c525cafe5e1dd2f
tavern,architecture,14,tavern/selected/tavern_architecture_candidate_v01.png,tavern/pieces/architecture/tavern_architecture_piece_014_candidate_v01.png,311,569,489,840,178,271,32288,b4b0f882b2ffb2fd83f098ff4199e835d09eb5bab13d8c6d0aef145d85492349
tavern,architecture,15,tavern/selected/tavern_architecture_candidate_v01.png,tavern/pieces/architecture/tavern_architecture_piece_015_candidate_v01.png,604,576,784,799,180,223,30558,89cd9bac3041f21890f1f99246fa56be6a42e57f4cc57fe4e129cf88c2016ca8
tavern,architecture,16,tavern/selected/tavern_architecture_candidate_v01.png,tavern/pieces/architecture/tavern_architecture_piece_016_candidate_v01.png,860,593,1127,800,267,207,44445,b71bcd88d5117b8639bb4434a288e2273d8025a9c389d1be12aa5abbc9af1fce
tavern,architecture,17,tavern/selected/tavern_architecture_candidate_v01.png,tavern/pieces/architecture/tavern_architecture_piece_017_candidate_v01.png,1207,590,1433,808,226,218,19730,52bfbe568028d6faf03ad40aa38e541da11a214098f610b186b2c27776f3b1ed
tavern,architecture,18,tavern/selected/tavern_architecture_candidate_v01.png,tavern/pieces/architecture/tavern_architecture_piece_018_candidate_v01.png,48,896,365,952,317,56,14710,eabdec8a9690f9a48f4e69d9e41af3759a69813e859bf6d6dd19c631158885eb
tavern,architecture,19,tavern/selected/tavern_architecture_candidate_v01.png,tavern/pieces/architecture/tavern_architecture_piece_019_candidate_v01.png,456,896,606,952,150,56,6649,79de071769cb7949819cb3ddcdf783ad00e1a9a47f9a7be9d64032dd1ac1ea4e
tavern,architecture,20,tavern/selected/tavern_architecture_candidate_v01.png,tavern/pieces/architecture/tavern_architecture_piece_020_candidate_v01.png,677,899,970,960,293,61,14795,2694cfdd1b3d53e77b42981fb8e82c8504ed814f48e3b0bf946d4dfdc5f6f48e
tavern,architecture,21,tavern/selected/tavern_architecture_candidate_v01.png,tavern/pieces/architecture/tavern_architecture_piece_021_candidate_v01.png,1027,899,1271,963,244,64,12923,32bd98dadbb067f8c0a0a48bd582261ea3d5270409b61086d027a7d8ada31f58
tavern,furniture,1,tavern/selected/tavern_furniture_candidate_v01.png,tavern/pieces/furniture/tavern_furniture_piece_001_candidate_v01.png,928,27,1562,285,634,258,145675,4436504bd9fbf49af425917b7fe63173b8c1f77bd31d1194dd44eb844d0e6879
tavern,furniture,2,tavern/selected/tavern_furniture_candidate_v01.png,tavern/pieces/furniture/tavern_furniture_piece_002_candidate_v01.png,77,49,620,253,543,204,92654,7279d57da7e1a9a669297229c352d6052354d2c6f445d639bc2a07afecbc05b8
tavern,furniture,3,tavern/selected/tavern_furniture_candidate_v01.png,tavern/pieces/furniture/tavern_furniture_piece_003_candidate_v01.png,708,49,863,253,155,204,26830,cdb4324edbde2a3df16241c8b2c78638c238c46c11f84355215316e1019186a8
tavern,furniture,4,tavern/selected/tavern_furniture_candidate_v01.png,tavern/pieces/furniture/tavern_furniture_piece_004_candidate_v01.png,80,293,303,513,223,220,33890,72445562f6b1968a0c765c4564dbe3b8d0afe369d04b364761f1d694ec281708
tavern,furniture,5,tavern/selected/tavern_furniture_candidate_v01.png,tavern/pieces/furniture/tavern_furniture_piece_005_candidate_v01.png,374,289,584,513,210,224,38764,fe86a6d0f672c56c7a66c4a58abd47ce16ffeaa67df58da5ea2ca85f2c7b1a9a
tavern,furniture,6,tavern/selected/tavern_furniture_candidate_v01.png,tavern/pieces/furniture/tavern_furniture_piece_006_candidate_v01.png,662,305,1044,513,382,208,63741,29aa34895d847fdf6cb6727d967d88b609d1c6ca9ebaaae74ad825e91a4287dd
tavern,furniture,7,tavern/selected/tavern_furniture_candidate_v01.png,tavern/pieces/furniture/tavern_furniture_piece_007_candidate_v01.png,1125,319,1438,560,313,241,66352,06047f88b5995641d7bed67e5a7fac2772dc8d9fade5c9198cd21f3f1d90581e
tavern,furniture,8,tavern/selected/tavern_furniture_candidate_v01.png,tavern/pieces/furniture/tavern_furniture_piece_008_candidate_v01.png,113,529,225,709,112,180,15145,7e28c8ca6961529c1c701dd2c8fb9fcdb7491d8e03429313000bfe817440b029
tavern,furniture,9,tavern/selected/tavern_furniture_candidate_v01.png,tavern/pieces/furniture/tavern_furniture_piece_009_candidate_v01.png,341,528,450,709,109,181,10038,4f6102e46537389eedb4f47ae3c2dba3ac6f400a502e09fb6bb759cca6f1ef64
tavern,furniture,10,tavern/selected/tavern_furniture_candidate_v01.png,tavern/pieces/furniture/tavern_furniture_piece_010_candidate_v01.png,556,530,670,709,114,179,15542,0bd356cc78c20b4fd317d2cfaa39d28d3225b77b42a39606fb7e177308d75277
tavern,furniture,11,tavern/selected/tavern_furniture_candidate_v01.png,tavern/pieces/furniture/tavern_furniture_piece_011_candidate_v01.png,739,528,847,709,108,181,10048,c5bd9e28d5936c6cd353f1f15c426192952f1fd9f42494cce17aaef9f972f24b
tavern,furniture,12,tavern/selected/tavern_furniture_candidate_v01.png,tavern/pieces/furniture/tavern_furniture_piece_012_candidate_v01.png,955,585,1128,815,173,230,31024,32cb7e05fd6c35b51ef1a1f24b6077b094762b89d97de2ff47c0bfb2ef701685
tavern,furniture,13,tavern/selected/tavern_furniture_candidate_v01.png,tavern/pieces/furniture/tavern_furniture_piece_013_candidate_v01.png,1398,575,1598,864,200,289,51599,832a273805452567975954cad388a2f8b8d5e4c3d959b89addcf59d33356ae77
tavern,furniture,14,tavern/selected/tavern_furniture_candidate_v01.png,tavern/pieces/furniture/tavern_furniture_piece_014_candidate_v01.png,1167,625,1365,844,198,219,29041,cbcbbe89b6917e33cd6434db341e5d8cfdca65b45ff4763fe696e93a0028d560
tavern,furniture,15,tavern/selected/tavern_furniture_candidate_v01.png,tavern/pieces/furniture/tavern_furniture_piece_015_candidate_v01.png,559,738,658,880,99,142,9998,86fe53c6010aa00c14a9351884adb2e35e8756b8dae92b652a6e34ebcc02d6df
tavern,furniture,16,tavern/selected/tavern_furniture_candidate_v01.png,tavern/pieces/furniture/tavern_furniture_piece_016_candidate_v01.png,121,741,224,880,103,139,10181,e46f557a2d52881b4a3507d402e6f40770d3a9cee899cbf85f2701944fff8181
tavern,furniture,17,tavern/selected/tavern_furniture_candidate_v01.png,tavern/pieces/furniture/tavern_furniture_piece_017_candidate_v01.png,340,741,444,880,104,139,10211,07dd305f76be8de66ca7d28ee9f599ed1cc4717669886d7090d858d0f2b233bb
tavern,furniture,18,tavern/selected/tavern_furniture_candidate_v01.png,tavern/pieces/furniture/tavern_furniture_piece_018_candidate_v01.png,732,754,843,880,111,126,9621,42aac968bcc03eba1c8ed5c06b442464e6cc96af67c7fbeb457b0108bbc9a22b
tavern,props,1,tavern/selected/tavern_props_candidate_v01.png,tavern/pieces/props/tavern_props_piece_001_candidate_v01.png,677,43,991,341,314,298,64870,6d430cd31d5dcbf396474f7accab582968a720c05d7b695467b8b0f6d441d661
tavern,props,2,tavern/selected/tavern_props_candidate_v01.png,tavern/pieces/props/tavern_props_piece_002_candidate_v01.png,1058,61,1226,358,168,297,33743,79c98c2038aec4c6cb385419f915d76cdf65a04040442e12594811b2c8acf8cb
tavern,props,3,tavern/selected/tavern_props_candidate_v01.png,tavern/pieces/props/tavern_props_piece_003_candidate_v01.png,1316,81,1506,343,190,262,28481,c0b4810a3437620fb41977b1522777c2a931755339bf31822c7a5d69b2a1a27a
tavern,props,4,tavern/selected/tavern_props_candidate_v01.png,tavern/pieces/props/tavern_props_piece_004_candidate_v01.png,164,101,399,346,235,245,41455,0dfcf67b542ae7e68da317b2ca909ac93036a994ffde8d3251641727ea68f6ad
tavern,props,5,tavern/selected/tavern_props_candidate_v01.png,tavern/pieces/props/tavern_props_piece_005_candidate_v01.png,446,141,580,336,134,195,17197,7e0a91b9d687c54b68678305333415bb393808f145400683543a6bc4632bdb1a
tavern,props,6,tavern/selected/tavern_props_candidate_v01.png,tavern/pieces/props/tavern_props_piece_006_candidate_v01.png,174,394,333,588,159,194,23084,59a7b806e9a8f8f4767d6d289cf14b2464d87dd6fde167c9fd96798046aae458
tavern,props,7,tavern/selected/tavern_props_candidate_v01.png,tavern/pieces/props/tavern_props_piece_007_candidate_v01.png,414,393,505,494,91,101,6106,b41cc4b487d6ea17658ccf3cf8bcfef6ae717518f9b30b1c80cf9211b6fff6a4
tavern,props,8,tavern/selected/tavern_props_candidate_v01.png,tavern/pieces/props/tavern_props_piece_008_candidate_v01.png,536,393,625,492,89,99,5790,f355e8f6e6b850aca5571d6cfb5096bdbcdbd274a8488b5e9449b92c089a06f1
tavern,props,9,tavern/selected/tavern_props_candidate_v01.png,tavern/pieces/props/tavern_props_piece_009_candidate_v01.png,710,397,997,606,287,209,53209,34d7aafa2c61e1bb92b5e11418a94cf0e9c1e56f79e2cd301bd8116f7e449dbd
tavern,props,10,tavern/selected/tavern_props_candidate_v01.png,tavern/pieces/props/tavern_props_piece_010_candidate_v01.png,1059,411,1145,490,86,79,4476,a434469244ea244cfbb07d4ef0ab26162a3da8313d76033c79818174e73bca0f
tavern,props,11,tavern/selected/tavern_props_candidate_v01.png,tavern/pieces/props/tavern_props_piece_011_candidate_v01.png,1176,407,1263,488,87,81,4620,7207d85b49001750e3462b1891a40527860e76fa82187bb5eb576ce3b52fcf87
tavern,props,12,tavern/selected/tavern_props_candidate_v01.png,tavern/pieces/props/tavern_props_piece_012_candidate_v01.png,1299,407,1388,488,89,81,4724,b04decc4f3b1b7983f51f7195eb904d0d5e98288efbbd994c202a682cc57c70d
tavern,props,13,tavern/selected/tavern_props_candidate_v01.png,tavern/pieces/props/tavern_props_piece_013_candidate_v01.png,1419,407,1505,488,86,81,4547,7608d0bcd4cd9cda4439a55c20dc2ddd203b88199dfde6da120afe967d998812
tavern,props,14,tavern/selected/tavern_props_candidate_v01.png,tavern/pieces/props/tavern_props_piece_014_candidate_v01.png,483,482,570,581,87,99,5598,a50aa5d8d252dabc543ee60cec3e0690fa0576f60946ec133b8b1b00b3415cb1
tavern,props,15,tavern/selected/tavern_props_candidate_v01.png,tavern/pieces/props/tavern_props_piece_015_candidate_v01.png,380,503,469,601,89,98,5675,849b6a33a3b76c403be1bf92ae09c7b1653076b9a5bc1f14953c870cb4fe2ac4
tavern,props,16,tavern/selected/tavern_props_candidate_v01.png,tavern/pieces/props/tavern_props_piece_016_candidate_v01.png,577,511,662,608,85,97,5379,188d2adbf3ac94e47f49ea00ce247b871b7e6da477a5d03f9244c2beefd7ca23
tavern,props,17,tavern/selected/tavern_props_candidate_v01.png,tavern/pieces/props/tavern_props_piece_017_candidate_v01.png,1065,505,1152,622,87,117,5878,7ea295d881743b222421e38bef0dd82e5923d03d84c415511b38b67680fe2193
tavern,props,18,tavern/selected/tavern_props_candidate_v01.png,tavern/pieces/props/tavern_props_piece_018_candidate_v01.png,1211,510,1303,612,92,102,6255,da49320a9ae1497139bc02c158df1f30f8d38f2e3e4ff8f9b2f9438c83ddbf15
tavern,props,19,tavern/selected/tavern_props_candidate_v01.png,tavern/pieces/props/tavern_props_piece_019_candidate_v01.png,1350,505,1451,612,101,107,6518,c5a4bfd970a6e5dbd684329b2f65f8b0cb3b4de742f749e87f5bee7a822f0a92
tavern,props,20,tavern/selected/tavern_props_candidate_v01.png,tavern/pieces/props/tavern_props_piece_020_candidate_v01.png,96,628,300,884,204,256,33254,01235b9803ce5ba7b14275d8956d2f089cc19cbc0c1edc08b68e9bacfe79c8f8
tavern,props,21,tavern/selected/tavern_props_candidate_v01.png,tavern/pieces/props/tavern_props_piece_021_candidate_v01.png,1134,640,1288,881,154,241,22059,ee1d183acb69cbcbb8d0f97be9a547813865869331761a43fb2831023de9cc31
tavern,props,22,tavern/selected/tavern_props_candidate_v01.png,tavern/pieces/props/tavern_props_piece_022_candidate_v01.png,581,650,786,865,205,215,40415,951714f681e7cff913e7a58644679a8bbc9f6d63cd1155625b1e8cbd5925edbb
tavern,props,23,tavern/selected/tavern_props_candidate_v01.png,tavern/pieces/props/tavern_props_piece_023_candidate_v01.png,1322,685,1575,889,253,204,31334,4f7c67214d7a3b1086b28597b1d3c0a78941b8f9ca3636a30e53a677501ce047
tavern,props,24,tavern/selected/tavern_props_candidate_v01.png,tavern/pieces/props/tavern_props_piece_024_candidate_v01.png,327,694,542,872,215,178,22164,d457f7290ea18a62d1fb0f6f2e1bfea9db0abe42f8fecb3b6be54b444f406727
tavern,props,25,tavern/selected/tavern_props_candidate_v01.png,tavern/pieces/props/tavern_props_piece_025_candidate_v01.png,836,699,1104,878,268,179,34056,2cede7b7846f7e831a764d4d320e96c0e998825d111b45ff21f2307e60f4880b
